{
    "SLO5: Comments": [
        "Program includes clear and meaningful comments at appropriate granularity and adhering to standard language conventions.\n Examples: Every function / class has comments indicating the intent / assumptions / expectations as relevant. Code blocks that need additional explanation have clear and meaningful comments. Program includes meaningful in-line comments where relevant.",
        "Most of the program has clear and meaningful comments at appropriate granularity and adhering to standard language conventions, but some portions have unclear, redundant or missing comments.",
        "Program has comments, but they need improvement in one or more of the following areas: comments are not clear and meaningful; comments are inconsistent; comments do not adhere to standard language conventions; important code blocks that need explanation do not have sufficient comments; some in-line comments are redundant or unhelpful, etc.",
        "Program does not include clear and meaningful comments."
    ],
    "SLO5: Naming conventions": [
        "All variable, function, and object names are meaningful, consistent, and follow standard language conventions.",
        "Most variable, function, and object names are meaningful, consistent, and follow standard language conventions.",
        "A significant number of variable, function, and object names are not meaningful or consistent and do not follow standard language conventions.",
        "Variable, function, and object names are not meaningful or consistent and do not follow standard language conventions."
    ],
    "SLO5: Code readability and formatting": [
        "Others can easily understand the code through reading it. \nExamples: There is appropriate and consistent use of white space, indentation, etc. The code format adheres to standard language conventions. The *written* structure of the code is well-organized (all imports at the beginning of a file, all declarations at the beginning of a file / function body, separate files for each class in Java, reasonable ordering of function / object / main code blocks in Python, etc.). Maximum line length is conducive to readability. Minimal use of unnecessary hard-coded or global values that make the program more challenging to read, understand, and maintain.",
        "Others can understand most of the code through reading it, but some portions have inconsistent use of white space, indentation, etc. or do not adhere to standard language conventions.",
        "It is often difficult for others to understand the code through reading it because of inconsistent use of white space, indentation, etc.",
        "It is very difficult for others to understand the code through reading it because of highly inconsistent use of white space, indentation, etc."
    ],
    "SLO1: Algorithmic solutions": [
        "For a given computational problem, student is able to construct an algorithm that is appropriate and correctly solves the problem. The algorithm(s) used may be novel, simple, or an application of known / previously developed algorithms.",
        "For a given computational problem, student selects an appropriate algorithm, but does not incorporate it into a complete and correct solution to the problem.",
        "For a given computational problem, student is often unable to select and use an appropriate algorithm to solve the problem.",
        "Student does not demonstrate ability to select or use an algorithm to solve the problem."
    ],
    "SLO1: Logic": [
        "The program's logic is generally sound, and the chosen control structures are appropriate / efficient, leading to a coherent and comprehensible final product. \nExamples: the program avoids unnecessary operations / convoluted logic, utilizes loops when relevant, avoids unnecessary nesting of control structures",
        "The program's logic may contain minor errors and/or inefficiencies; some chosen control structures can be simplified for readability/clarity. ",
        "The program's logic has multiple issues (e.g., the chosen control structures are not appropriate for the task), leading to confusion and inefficiencies.",
        "The program's logic is severely flawed (e.g., the chosen control structures impede the functionality and understandability of the code, program's flow is disjointed or non-functional)."
    ],
    "SLO1: Testing": [
        "Student is able to design and write accurate tests for all functionality, correctly identifying most expected scenarios, including typical cases and exceptional/illegal/boundary cases.",
        "Student is able to design and write accurate tests for most functionality, correctly identifying most common scenarios, but sometimes missing atypical/exceptional/illegal/boundary cases. Some tests may produce inaccurate results.",
        "Student attempts to examine correctness of the functionality through tests, but tests are not comprehensive, are inaccurate and/or miss critical/common scenarios. ",
        "Student did not show evidence of testing."
    ],
    "SLO1: Error handling": [
        "Program correctly validates all input (e.g., for out-of-range/illegal data) and handles most errors appropriately.",
        "Program correctly validates some input (e.g., for out-of-range/illegal data) and handles common errors appropriately, but some important cases are not handled properly.",
        "Program attempts to validate input and handle errors. However, some important validation and error handling cases are incorrect or missing.",
        "Program does not show evidence of input validation or error handling."
    ],
    "SLO1: Correctness: reasoning": [
        "Student is consistently able to reason about correctness of the program and explain how it works, i.e., they can accurately predict program behavior in all scenarios, identify expected outputs for given inputs, accurately trace program execution, spot logic errors, explain algorithm correctness, and address boundary cases.",
        "Student is generally able to reason about program correctness, i.e., they can predict program behavior in important / obvious scenarios, identify expected outputs for typical inputs, trace program execution in most cases, and spot critical logic errors, identify some boundary cases, but may not be able to do so consistently and/or may not be able to clearly explain algorithm correctness.",
        "Student is able to reason about the correctness of basic programs or small blocks of code, but is not able to clearly explain how and why programs with complex logic / flow work, e.g., they are unable to predict logic errors, reason about boundary cases, accurately trace complete program execution, etc.",
        "Student does not demonstrate ability to reason about the correctness of a program in any concrete manner."
    ],
    "SLO1: Data structures": [
        "",
        "",
        "",
        ""
    ],
    "SLO1: Algorithm analysis": [
        "",
        "",
        "",
        ""
    ],
    "SLO1: Syntax": [
        "",
        "",
        "",
        ""
    ]
}
