name,id,sis_id,section,section_id,section_sis_id,submitted,attempt,7870783: Find best data structure for each application.,4,"7870774: Find the matching runtime complexity for each psedudocode:
A)findMin(x, y) { if (x  y) return x else return y}B)LinearSearch(numbers, N, key) { for (i = 0; i  N; ++i) if (numbers[i] == key) return i  return -1 // not found}C)SelectionSort(number, N) { for (i = 0; i  N; ++i) { indexSmallest = i for (j = i + 1; j  N; ++j) if (numbers[j]  numbers[indexSmallest]) indexSmallest = j temp = numbers[i] numbers[i] = numbers[indexSmallest] numbers[indexSmallest] = temp  }
}
D)BinarySearch(sortedNumbers, N, key) { mid = 0 low = 0 high = 0  high = N - 1  while (high = low) { mid = (high + low) / 2 if (sortedNumbers [mid]  key) low = mid + 1 else if (sortedNumbers [mid]  key) high = mid - 1 else return mid }  return -1 // not found}
E)
for (int i = 0; i  n; i++)  for (int j = 1; j  n; j = j *2)    System.out.println(""hello"");
F)
for (int i = 0; i  n; i = i + 2)  for (int j = 1; j  n; j = j *3)    System.out.println(""hello"");
G)
for (int i = 1; i  n; i = i * 2)  for (int j = 1; j  n; j = j *3)    System.out.println(""hello"");",7,"7870775: Choose all statements that include syntax error(s).
",4,"7870776: How many syntax errors in the following code? Assume that all required packages have been imported.
int size = 10;
int [] array = (1, 2, 3, 4, 5);
array = (10, 20, 30, 40, 50);
array = new int(10);
Integer array_size = size;
ArrayListint list = new ArrayListint(array_size);
QueueInteger waitlist = new LinkedList();",1,"7870766: Assume that we have defined the binary tree node, BTNode, that includes methods, isLeaf(), getLeftChild(), and getRightChild(). Also assume that we have declared the LinkedBinaryTree class that includes a reference variable referring to the root node of a tree.

Copy the following code, paste it to the input textbox, and replace those dots with proper comments to help users better understand this method, leafCounter(), in the LinkedBinaryTree class.
// ......
private int leafCounter(BTNodeT node) {
    // ......    if (node==null) return 0;
    // ......
    if (node.isLeaf()) return 1;
    // ......    return leafCounter(node.getLeftChild()) + leafCounter(node.getRightChild());}",1,"7870767: Assume that we have defined the ConcertTicket class.
A Wallet class includes two data member variables:
  public ConcertTicket[] tickets = new ConcertTicket[10 ];  private int size = 0;

Copy the following code, paste it to the input textbox, and replace those dots with proper comments to help users better understand this method, remove(), in the Wallet class.
  // ......
  public ConcertTicket remove() {
    // ......    ConcertTicket ticket = null;
    if (this.size  0) {      // ......      ticket = this.tickets[this.size - 1];
      // ......      this.tickets[this.size - 1] = null;           // ......      this.size = this.size - 1;    }    // ......    return ticket;  }",1,"7870768: Assume that we help make a music note class.
Each music note should includes the following three integer attributes:

pitch that defines the degree of highness or lowness of a tone,
duration that defines how long this note should be placed,
octave that defines which group of notes should be played.


Let us declare these data member variables for the Note class:
public class Note{
  private int [pitch_variable]; // pitch variable that defines the degree of highness or lowness of a tone
  private int [duration_variable]; // duration variable that defines how long this note should be placed
  private int [octava_variable]; // octave variable that defines which group of notes should be played
}",1,"7870769: Assume that we help make a concert ticket class.
Each concert ticket should that stores the name of a concert, the price, and the date

Let us help complete the ConcertTicket class:
public class ConcertTicket implements Comparable {
  private String name;  private Date date;  private double price;
  /**  * Constructor with default value for all the fields.  *  * @param name of band  * @param date of the concert  * @param price of the ticket  */  public ConcertTicket(String name, Date date, double price) {    this.name = name;    this.date = date;    this.price = price;  }
  /**  * Default constructor for this class.  */  public ConcertTicket() {    name = """";    date = new Date();    price = 0.0;  }
  /**  * Getter returning the name of the band performing concert.  * @return name of the band  */  public String [get_name_function]() {    return name;  }
  /**  * Setter storing the name of the band.  *  * @param name to be stored for the band  */  public void [set_name_function](String name) {    this.name = name;  }
  /**  * Getter returning the date of the concert.  *  * @return the date of the concert  */  public Date [get_date_function]() {    return date;  }
  /**  * Setter storing the date of the concert.  *  * @param date the date of the concert  */  public void [set_date_function](Date date) {    this.date = date;  }
  /**  * Getter returning the price for the ticket to the concert.  *  * @return the price  */  public double [get_price_function]() {    return price;  }
  /**  * Setter to set the price of the ticket of the concert.  *  * @param price the price of the ticket  */  public void [set_price_function](double price) {    this.price = price;  }
}",1,"7870770: We'll say that a value is ""everywhere"" in an array if for every pair of adjacent elements in the array, at least one of the pair is that value. Return true if the given value is everywhere in the array.

Copy the following code, paste it to the input textbox, and fill in statements to make this method complete.
public boolean isEverywhere(int[] nums, int val) {
 }",1,"7870771: There exists an abstract classBird.






public abstract class Bird {

  public Bird() {}
  public String eat() {
     return ""worms"";
  }
  public abstract double fly();

}






Create a subclass of Bird called Sparrow. Overwrite the eat() method so that the Sparrow eats ""seeds"". Implement the fly() method so that it returns its altitude of 4.13 meter

Copy the code, paste it to the input textbox, and fill in statements to make this class complete.
public class Sparrow extends Bird {  public Sparrow() {super();}



}",1,"7870772: Design an algorithm, defined as countDivisibles(), to find the numbers divisible by a given array of numbers, div[] between a range from 1 to N, including N (, where N is also given).

The function prototype is as following:
public int countDivisibles(int [] div, int N);

For example,
The result of countDivisibles([2, 3], 10) is 7 (since we have 2, 3, 4, 6, 8, 9, and 10 divisible by either 2 or 3.

Note that in this question, you are only expected to write pseudo code and reason your algorithm selection (or explain your idea).",1,"7870777: Design an algorithm, named countDivisibles(), that aims atfinding the numbers divisible by a given array of numbers, div[] between a range from 1 to N, including N (, where N is also given).

The function prototype is as following:
public int countDivisibles(int [] div, int N);

For example,
The result of countDivisibles([2, 3], 10) is 7 (since we have 2, 3, 4, 6, 8, 9, and 10 divisible by either 2 or 3.

Note that in this question, you are expected to write Java code to make this method complete. For simplicity, you could assume that the arguments passed to the method invocation are valid.",1,"7870779: Write JUnit test methods for the method, countDivisibles() that you wrote in the previous question.

The function prototype is as following:
public int countDivisibles(int [] div, int N);
This function aims at finding the numbers divisible by a given array of numbers, div[] between a range from 1 to N, including N.",1,"7870781: In this question, you are expected to continue working on the method countDivisibles() with consideration into the reliability . Please validate all input arguments and handle errors.

The function prototype is as following:
public int countDivisibles(int [] div, int N);
This function aims at finding the numbers divisible by a given array of numbers, div[] between a range from 1 to N, including N.

Note that you do not need to write this method from scratch. Please reuse your code in the previous question and update the code to make is complete, correct, and reliable.",1,"7870784: In this question, you are expected to continue working on the method countDivisibles() with consideration into reasoning the correctness of your algorithm and its time complexity, including how you address boundary cases.

The function prototype is as following:
public int countDivisibles(int [] div, int N);
This function aims at finding the numbers divisible by a given array of numbers, div[] between a range from 1 to N, including N.

Note that it is okay to use your language and the terms that you learned this semester to explain the correctness and its time complexity",1,"7870773: For this question, a list of integers calledlist is passed in as a parameter. Implement this method, named reverseArray(), so that it creates and returns a new list containing the items in the reverse order of the original list. 
As for the result, create a new ArrayListIntegerto hold your answer, and add the items from the original list to it in reverse order. For example, given [5, 3, 4, 2, 9, 2], this method would return [2, 9, 2, 4, 3, 5].

The function prototype is as following:
public ListInteger reverseArray(ListInteger arr);

Note that in this question, you are only expected to write pseudo code and reason your algorithm selection (or explain your idea).",1,"7870778: For this question, a list of integers calledlist is passed in as a parameter. Implement this method, named reverseArray(), so that it creates and returns a new list containing the items in the reverse order of the original list. 
As for the result, create a new ArrayListIntegerto hold your answer, and add the items from the original list to it in reverse order. For example, given [5, 3, 4, 2, 9, 2], this method would return [2, 9, 2, 4, 3, 5].

The function prototype is as following:
public ListInteger reverseArray(ListInteger arr);

Note that in this question, you are expected to write Java code to make this method complete. For simplicity, you could assume that the arguments passed to the method invocation are valid.",1,"7870780: Write JUnit test method(s) for the method, reverseArray() that you wrote in the previous question.

The function prototype is as following:
public ListInteger reverseArray(ListInteger arr);
This function aims at creating and returning a new list containing the items in the reverse order of the given original list.",1,"7870782: In this question, you are expected to continue working on the method reverseArray() with consideration into the reliability. Please validate all input arguments and handle errors.

The function prototype is as following:
public ListInteger reverseArray(ListInteger arr);
This function aims at creating and returning a new list containing the items in the reverse order of the given original list.

Note that you do not need to write this method from scratch. Please reuse your code in the previous question and update the code to make is complete, correct, and reliable.",1,"7870785: In this question, you are expected to continue working on the method reverseArray() with consideration into reasoning the correctness of your algorithm and its time complexity, including how you address boundary cases.

The function prototype is as following:
public ListInteger reverseArray(ListInteger arr);
This function aims at creating and returning a new list containing the items in the reverse order of the given original list.

Note that it is okay to use your language and the terms that you learned this semester to explain the correctness and its time complexity.",1,n correct,n incorrect,score
Rai Karpen,259498,1190652,ITSC-2214-001,221524,13553.20238,2023-11-21 18:35:39 UTC,1,"File folder system in your computer that is used to managed file folders.=>Tree,A system that manages traffic tickets. Each ticket has a unique citation number and its associated description. In this system\, queries on citation numbers frequently happen and requires a quick search.=>Hash Map,A system that helps manage the waitlist in the Starbucks store.=>Queue,A text editor that need to manage undo operations for a single user.=>Stack",4,"A=>O(1),B=>O(N),C=>O(N * N),D=>O( log N),E=>O( N * log N),F=>O( N * log N),G=>O( log N * log N)",7,"if (isEmpty()) throws EmptyCollectionException();,ArrayListInteger data = {1\, 2\, 3\, 5\, 7\, 9}; int size = data.size();,private E[] data = new E[10];   // Making a generic array and assign it to an array variable data",3,4,1,"// counts the number of leaves a node of a binary tree has

private int leafCounter(BTNode<T> node) {

            // check if node is empty
            if (node==null)     return 0;  

            // if it is a leaf, count it as one leaf

            if (node.isLeaf()) return 1;

              // if the node is not a leaf, recursively call the function on the child nodes

              return leafCounter(node.getLeftChild()) + leafCounter(node.getRightChild());
}",0,"     // remove a ticket from the list of tickets

      public ConcertTicket remove() {

            // set a ticket to null
            ConcertTicket ticket = null;

            if (this.size > 0) {
                  // make the array of tickets smaller
                  ticket = this.tickets[this.size - 1];

                  // this doesn't need a comment
                  this.tickets[this.size - 1] = null;
                   
                  // this doesn't need a comment
                  this.size = this.size - 1;
            }
            // return ticket
            return ticket;
      }",0,"pitch,duration,octave",1,"getName,setName,getDate,setDate,getPrice,setPrice",1,"public boolean isEverywhere(int[] nums, int val) {

// If the array has less than 2 elements, the value cannot be everywhere.

if (nums.length < 2) {

            return false;

}

// Check every pair of adjacent elements in the array.

for (int i = 0; i < nums.length - 1; i++) {

            // If neither element in the pair is equal to the given value, return false.

            if (nums[i] != val && nums[i + 1] != val) {

                          return false;

              }

}

// If all pairs have at least one element equal to the given value, return true.

return true;

}",0,"public class Sparrow extends Bird {
      public Sparrow() {super();}

     public double fly() {return 4.13;}

}",0,"I'd use inclusion-exculsion principles from discrete math, find everything divisble by each number, find all the overlapping multiples and subtract them",0,"coding in canvas is dreadful, but

public class divisibleCount{

  public int countDivisibles(int[] div, int N){

   int count = 0;

   int result = 0;

   for (int i = 1; i <= N; i++) {

     count = 0;

        for (int j = 0; j < div.length; j++) {

           if (i % div[j] == 0) {

              count++;

              break; // If i is divisible by any number in div, break the loop

        } }

           if (count > 0) { result++; }

     } return result;

}  

wow my indents are very messed up

  public static void main(String[] args) {

   int[] divisors = {2, 3};

   int N = 10;

   int divisibleCount = countDivisibles(divisors, N);

   System.out.println(""Numbers divisible by the given array: "" + divisibleCount);

} }",0,"import org.junit.jupiter.api.Test;
import static org.junit.jupiter.api.Assertions.*;

public class DivisibleCounterTest {

      @Test
      public void testCountDivisibles_Example1() {
            int[] divisors = {2, 3};
            int N = 10;
            int expectedResult = 7; // Expected result for divisors {2, 3} and N = 10
             
            int actualResult = DivisibleCounter.countDivisibles(divisors, N);
             
            assertEquals(expectedResult, actualResult, ""Incorrect count of divisible numbers for example 1"");
      }

      @Test
      public void testCountDivisibles_Example2() {
            int[] divisors = {2, 5};
            int N = 20;
            int expectedResult = 14; // Expected result for divisors {2, 5} and N = 20
             
            int actualResult = DivisibleCounter.countDivisibles(divisors, N);
             
            assertEquals(expectedResult, actualResult, ""Incorrect count of divisible numbers for example 2"");
      }

      @Test
      public void testCountDivisibles_Example3() {
            int[] divisors = {3, 7, 11};
            int N = 100;
            int expectedResult = 52; // Expected result for divisors {3, 7, 11} and N = 100
             
            int actualResult = DivisibleCounter.countDivisibles(divisors, N);
             
            assertEquals(expectedResult, actualResult, ""Incorrect count of divisible numbers for example 3"");
      }
}",0,"okay I'm writing this elsewhere and then copying it because I can't keep the formatting straight

public class DivisibleCounter {

      public static int countDivisibles(int[] div, int N) {
            // Validate input arguments
            if (div == null || div.length == 0 || N <= 0) {
                  throw new IllegalArgumentException(""Invalid input arguments"");
            }

            int result = 0;
            int count = 0;

            for (int i = 1; i <= N; i++) {
                  count = 0;
                  for (int j = 0; j < div.length; j++) {
                        if (i % div[j] == 0) {
                              count++;
                              break; // If i is divisible by any number in div, break the loop
                        }
                  }
                  if (count > 0) {
                        result++;
                  }
            }

            return result;
      }

      // Additional validation and testing in main method
      public static void main(String[] args) {
            // Test with valid input
            int[] divisors = {2, 3};
            int N = 10;
            int divisibleCount = countDivisibles(divisors, N);
            System.out.println(""Numbers divisible by the given array: "" + divisibleCount);

            // Test with invalid input (null array)
            int[] invalidDivisors = null;
            try {
                  int invalidResult = countDivisibles(invalidDivisors, N);
            } catch (IllegalArgumentException e) {
                  System.out.println(""Exception caught: "" + e.getMessage());
            }

            // Test with invalid input (empty array)
            int[] emptyDivisors = {};
            try {
                  int emptyResult = countDivisibles(emptyDivisors, N);
            } catch (IllegalArgumentException e) {
                  System.out.println(""Exception caught: "" + e.getMessage());
            }

            // Test with invalid input (negative N)
            int negativeN = -5;
            try {
                  int negativeResult = countDivisibles(divisors, negativeN);
            } catch (IllegalArgumentException e) {
                  System.out.println(""Exception caught: "" + e.getMessage());
            }
      }
}",0,"The time complexity is O(N^2)

It's reasonably correct and it addresses the cases of empty arrays, dividing by zero, and only having one divisor, it does not address every boundary in existance",0,"I'd use temporary variables and iterate through, adding the last element of the list to the new array  ",0,"import java.util.ArrayList;
import java.util.List;

public class ArrayReverser {

      public static List<Integer> reverseArray(List<Integer> arr) {
            // Create a new ArrayList to hold the reversed items
            List<Integer> reversedList = new ArrayList<>();

            // Iterate through the original list in reverse order and add elements to the new list
            for (int i = arr.size() - 1; i >= 0; i--) {
                  reversedList.add(arr.get(i));
            }

            return reversedList;
      }
}",0,"import org.junit.jupiter.api.Test;
import java.util.ArrayList;
import java.util.Arrays;
import java.util.List;
import static org.junit.jupiter.api.Assertions.*;

public class ArrayReverserTest {

      @Test
      public void testReverseArray_EmptyList() {
            List<Integer> originalList = new ArrayList<>();
            List<Integer> expectedResult = new ArrayList<>();
             
            List<Integer> reversedList = ArrayReverser.reverseArray(originalList);
             
            assertEquals(expectedResult, reversedList, ""Empty list not reversed correctly"");
      }

      @Test
      public void testReverseArray_SingleElement() {
            List<Integer> originalList = Arrays.asList(5);
            List<Integer> expectedResult = Arrays.asList(5);
             
            List<Integer> reversedList = ArrayReverser.reverseArray(originalList);
             
            assertEquals(expectedResult, reversedList, ""Single-element list not reversed correctly"");
      }

      @Test
      public void testReverseArray_MultipleElements() {
            List<Integer> originalList = Arrays.asList(5, 3, 4, 2, 9, 2);
            List<Integer> expectedResult = Arrays.asList(2, 9, 2, 4, 3, 5);
             
            List<Integer> reversedList = ArrayReverser.reverseArray(originalList);
             
            assertEquals(expectedResult, reversedList, ""Multiple-element list not reversed correctly"");
      }
}",0,"import java.util.ArrayList;
import java.util.Collections;
import java.util.List;

public class ArrayReverser {

      public static List<Integer> reverseArray(List<Integer> arr) {
            // Validate input argument
            if (arr == null || arr.isEmpty()) {
                  throw new IllegalArgumentException(""Input list is null or empty"");
            }

            List<Integer> reversedList = new ArrayList<>(arr); // Create a copy of the original list
            Collections.reverse(reversedList); // Reverse the copied list
             
            return reversedList;
      }
}",0,"The time complexity is O(N)

The boundary cases adressed are null and empty arrays  

It is correct because it returns the correct result using the collections method, which I realize was probably not the point but it's more efficient than doing it with temporary variables and more iteration, why import it myself when I can make something else do it for me",0,20,0,17
Zoey,259499,1190653,ITSC-2214-001,221524,13553.20238,2023-11-21 18:35:39 UTC,1,"File folder system in your computer that is used to managed file folders.=>Tree,A system that manages traffic tickets. Each ticket has a unique citation number and its associated description. In this system\, queries on citation numbers frequently happen and requires a quick search.=>Hash Map,A system that helps manage the waitlist in the Starbucks store.=>Queue,A text editor that need to manage undo operations for a single user.=>Stack",4,"A=>O(1),B=>O(N),C=>O(N * N),D=>O( log N),E=>O( N * log N),F=>O( N * log N),G=>O( log N * log N)",7,"if (isEmpty()) throws EmptyCollectionException();,ArrayListInteger data = {1\, 2\, 3\, 5\, 7\, 9}; int size = data.size();,private E[] data = new E[10];   // Making a generic array and assign it to an array variable data",3,4,1,"// Method to count number of leaves in binary tree.

private int leafCounter(BTNode<T> node) {

        // If the node cannot be found, return 0
        if (node==null)   return 0; 

        // if node is a leaf, return one

        if (node.isLeaf()) return 1;

         // If the node exists and is not a leaf, check its children and add the numbers they return, the return that number.

         return leafCounter(node.getLeftChild()) + leafCounter(node.getRightChild());
}",0,"// Removes the ConcertTicket from the wallet

    public ConcertTicket remove() {

        // make a null ConcertTicket 
        ConcertTicket ticket = null;

        if (this.size > 0) {
            // if the size of the wallet is greater than 0, ticket is given the value of the last ticket in the wallet
            ticket = this.tickets[this.size - 1];

            // Sets the last ticket to null, removing its data
            this.tickets[this.size - 1] = null;
            
            // reduces the size of the wallet to account for the removed ticket
            this.size = this.size - 1;
        }
        // returns the value that was removed
        return ticket;
    }",1,"pitch,duration,octave",1,"getName,setName,getDate,setDate,getPrice,setPrice",1,"public boolean isEverywhere(int[] nums, int val) {

if (nums.length == 0) {
   
return false;
   
}
boolean check = false ;
for (int i = 0; i < nums.length; i++) {
 if ((i > 0 && i < nums.length) && (nums[i] == nums[i-1] || nums[i] == nums[i+1]))
{
check = true;
}
if (check == false) {
return false;
}
}
return true;
}",0,"public class Sparrow extends Bird {
    public Sparrow() {super();}

public double fly() {

return 4.13;

}
}",0,"create an empty integer array called nums

For each number in the array,

loop through each possible value from 1 to N

use the modulo operator to divide that value by N, if the value returned is zero, and that number does not already exist in nums, add it to nums.

return the nums array",0,"public int countDivisibles(int [] div, int N) {
arrayList<int> arr = new arrayList<int>();
for (int i : div) {
for (int r = 1; r <= N; r++) {
if(r % i == 0) {
arr.add(i)
}
}
}
}",0,"void testEmptyArray() {

int [] div = new int [] {};
        assertEquals(false, countDivisibles(div, 1);,     
    }

 

void testTrue() {

int [] div = new int [] {2,2,2,2};
        assertEquals(true, countDivisibles(div, 2);,     
    }

 

void testFalse() {

int [] div = new int [] {2,3,3,3,2};
        assertEquals(false, countDivisibles(div, 2);,     
    }",0,"public int countDivisibles(int [] div, int N) {

if (div.length == 0) {

return false;

}

arrayList<int> arr = new arrayList<int>();

for (int i : div) {

for (int r = 1; r <= N; r++) {

if(r % i == 0) {

arr.add(i)

}

}",0,"The time complexity of count divisibles is O(n^2), because it is using a nested for loop;",0,"Create an arraylist called revArr

for every item in arr, going from last to first, add that item to revArr

return revArr",0,"public List<Integer> reverseArray(List<Integer> arr); {

arrayList<integer> revArr = new arrayList<integer>();

for (int i = arr.length - 1; i >= 0; i--) {

revArr.add(arr[i]);

}

return revArr;

}",0,"void testEmptyArray() {

int [] check = new int [] {};
        assertEquals(null, reverseArray(check);,     
    }

 

void testArray() {

int [] check = new int [] {1,2,3,4};
        assertEquals({4, 3, 2, 1}, reverseArray(check );,     
    }",0,"public List<Integer> reverseArray(List<Integer> arr); {

if (arr.length == 0) {

return null;

}

arrayList<integer> revArr = new arrayList<integer>();

for (int i = arr.length - 1; i >= 0; i--) {

revArr.add(arr[i]);

}

return revArr;

}",0,"The time complexity of reverseArray is O(n), because it is using a linear search;",,,,
Craig,259500,1190654,ITSC-2214-001,221524,13553.20238,2023-11-21 18:35:39 UTC,1,"File folder system in your computer that is used to managed file folders.=>Tree,A system that manages traffic tickets. Each ticket has a unique citation number and its associated description. In this system\, queries on citation numbers frequently happen and requires a quick search.=>Hash Map,A system that helps manage the waitlist in the Starbucks store.=>Queue,A text editor that need to manage undo operations for a single user.=>Stack",4,"A=>O(1),B=>O(N),C=>O(N * N),D=>O( log N),E=>O( N * log N),F=>O( N * log N),G=>O( log N * log N)",7,"if (isEmpty()) throws EmptyCollectionException();,ArrayListInteger data = {1\, 2\, 3\, 5\, 7\, 9}; int size = data.size();,private E[] data = new E[10];   // Making a generic array and assign it to an array variable data",3,4,1,"// The below method counts the total number of leaves present in a given tree

private int leafCounter(BTNode<T> node) {

        // Returns a 0 in case the given node is not a leaf, acts as a base case for the recursion
        if (node==null)   return 0; 

        // Returns a 1 in case the given node is a leaf node

        if (node.isLeaf()) return 1;

         // A recursive call that counts the leaves in both the left and right children of the tree

         return leafCounter(node.getLeftChild()) + leafCounter(node.getRightChild());
}",0,"// The following function removes a ticket value from the given stack

    public ConcertTicket remove() {

        // Creating a variable to store the ticket value
        ConcertTicket ticket = null;

        if (this.size > 0) {
            // Only removes the ticket by decreasing the stack by 1 if size is greater than 0
            ticket = this.tickets[this.size - 1];

            // Removes the ticket by assigning the stack value to 0
            this.tickets[this.size - 1] = null;
            
            // Decreasing the total size of the stack
            this.size = this.size - 1;
        }
        // Returns the popped value
        return ticket;
    }",1,"pitch,duration,octave",1,"getName,setName,getDate,setDate,getPrice,setPrice",1,"public boolean isEverywhere(int[] nums, int val) {

    for(int i=0; i<nums.size;i=i+2){

        if(nums[i] != val && nums[i+1] !=val)

            return  false;

}    

    return true;
}",0,"public class Sparrow extends Bird {
    public Sparrow() {super();}

public String eat() {

          return ""seeds"";

     }

public double fly(){

    return 4.13;

}

 

}",0,"int count = 0;

for(int i=2; i<=N;i++){

for(int j=0; j<div.size;j++){

    if(i%div[j] == 0){

    count++;break;

}

 

I've used two for loops to iterate through the two arrays and then check if each number in div is divisible by the numbers from 1 to N.",0,"public int countDivisibles(int [] div, int N){

int count = 0;

for(int i=2; i<=N;i++){

for(int j=0; j<div.size;j++){

    if(i%div[j] == 0){

    count++;break;

}

}


}

return count;

}",0,"public testCountDiv(){

 assert(countDivisibles([2,3], 10) == 7);

 assert(countDivisibles([3], 10) == 3);

 

}",0,"public int countDivisibles(int [] div, int N){

if(div.size <=0)

    return 0;

int count = 0;

for(int i=2; i<=N;i++){

for(int j=0; j<div.size;j++){

    if(i%div[j] == 0){

    count++;break;

}

}


}

return count;

}",0,"The algorithm seems correct in its basic functionality. It iterates through numbers from 2 to N, and for each number, it checks if it is divisible by any number in the div array. If it is, it increments the count. The break statement ensures that a number is only counted once, even if it is divisible by multiple elements in the div array.

Time Complexity:
The outer loop runs from 2 to N, contributing O(N) iterations. The inner loop runs for each element in the div array, contributing O(div.length) iterations.

Therefore, the overall time complexity of the algorithm is O(N * div.length).",0,"ArrayList rev = new ArrayList();

for i to arr.size(){

rev.add(arr[arr.size()-i-1])

}

return rev;",0,"public List<Integer> reverseArray(List<Integer> arr){

List<Integer> reversed = new ArrayList();

for(int i=0; i<arr.size();i++){

reversed.add(arr.get(arr.size()-1-i));

}

return reversed;

}",0,"public void testReverseArray() {
        List<Integer> a= Arrays.asList(5, 3, 4, 2, 9, 2);
        List<Integer> b= Arrays.asList(2, 9, 2, 4, 3, 5);

        List<Integer> a= this.reverseArray(b);

        assertEquals(a, b);
    }",0,"public List<Integer> reverseArray(List<Integer> arr) {
    if (arr == null || arr.isEmpty()) {
        return new ArrayList<>();
    }
    List<Integer> reversed= new ArrayList<>(arr.size());

    for (int i = 0; i < arr.size(); i++) {
        // Add each element to the new reversed list
        reversed.add(arr.get(arr.size() - 1 - i));
    }

    // Return the reversed list
    return reversed;
}",0,"The method checks if the input list is null or empty and returns an empty list in such cases. The algorithm iterates through the list one at a time and adds elements from the back to the new list thus reversing the list.

The time complexity would be O(N), given that we only iterate through the main list once, where the size of that is n.",,,,